股票代號,股票名稱,成交金額(元),成交金額_分類
2073,雄順,0.0,稀少
6103,合邦,0.0,稀少
8077,洛碁,0.0,稀少
1470,大統新創,0.0,稀少
2321,東訊,16.95,稀少
4413,飛寶企業,18.45,稀少
8923,時報,19.5,稀少
6236,中湛,24.4,稀少
5205,中茂,31.95,稀少
5348,正能量智能,33.4,稀少
8488,吉源-KY,39.84,稀少
4584,君帆,46.55,稀少
4419,皇家美食,49.95,稀少
9110,越南控-DR,52.53,稀少
6856,鑫傳,54.8,稀少
3067,全域,54.900000000000006,稀少
2035,唐榮,56.8,稀少
4154,樂威科-KY,62.6,稀少
9929,秋雨,74.2,稀少
2924,宏太-KY,79.0,稀少
5514,三豐,79.0,稀少
2887Z1,台新新光己特,82.25,稀少
2941,米斯特,87.6,稀少
5703,亞都,88.19999999999999,稀少
6225,天瀚,88.75,稀少
3064,泰偉,91.9,稀少
911608,明輝-DR,95.2,稀少
4198,欣大健康,96.0,稀少
2901,欣欣,99.0,稀少
6581,鋼聯,107.0,稀少
8921,沈氏,108.60000000000001,稀少
1213,大飲,109.89,稀少
4609,唐鋒,110.88000000000001,稀少
6144,得利影,111.60000000000001,稀少
6240,松崗,111.89999999999999,稀少
3115,富榮綱,116.05000000000001,稀少
4905,台聯電,121.8,稀少
6904,伯鑫,124.0,稀少
5301,寶得利,124.85,稀少
4305,世坤,125.39999999999999,稀少
5016,松和,127.0,稀少
911622,泰聚亨-DR,148.98,稀少
3531,先益,152.6,稀少
8101,華冠,160.0,稀少
5345,馥鴻,171.15,稀少
4806,桂田文創,190.0,稀少
4139,馬光-KY,194.4,稀少
2724,藝舍-KY,198.0,稀少
1418,東華,198.5,稀少
1435,中福,198.9,稀少
7716,昱臺國際,205.6,稀少
2910,統領,207.0,稀少
5878,台名,209.0,稀少
3285,微端,225.2,稀少
3632,研勤,228.95999999999998,稀少
2911,麗嬰房,232.65,稀少
7732,金興精密,233.70000000000002,稀少
4706,大恭,236.0,稀少
6929,佑全,241.6,稀少
5601,台聯櫃,252.0,稀少
8342,益張,254.70000000000002,稀少
3523,迎輝,254.79999999999998,稀少
6574,霈方,264.0,稀少
1423,利華,266.34999999999997,稀少
4192,杏國,266.75,稀少
6222,立軒,267.40000000000003,稀少
2948,寶陞,268.09999999999997,稀少
4807,日成-KY,269.25,稀少
5276,達輝-KY,271.15,稀少
6212,理銘,276.15000000000003,稀少
6556,勝品,280.0,稀少
2235,謚源,282.8,稀少
4767,誠泰科技,287.1,稀少
8917,欣泰,287.5,稀少
3288,點晶,288.15,稀少
6020,大展證,291.0,稀少
4432,銘旺實,305.09999999999997,稀少
6899,創為精密,319.79999999999995,稀少
4406,新昕纖,320.0,稀少
6988,威力暘-創,320.0,稀少
8067,志旭,323.4,稀少
2949,欣新網,333.0,稀少
2939,永邑-KY,337.5,稀少
8455,大拓-KY,348.0,稀少
2937,集雅社,352.0,稀少
6228,全譜,359.09999999999997,稀少
6496,科懋,359.4,稀少
6807,峰源-KY,367.6,稀少
1813,寶利徠,368.55,稀少
6721,信實,371.4,稀少
8941,關中,371.6,稀少
1259,安心,372.0,稀少
910861,神州-DR,386.92,稀少
8443,阿瘦,389.29999999999995,稀少
3191,雲嘉南,389.84999999999997,稀少
9912,偉聯,396.0,稀少
5906,台南-KY,404.8,稀少
1341,富林-KY,406.0,稀少
3593,力銘,409.70000000000005,稀少
3465,進泰電子,436.05,稀少
8066,來思達,438.9,稀少
3018,隆銘綠能,442.15,稀少
8423,保綠-KY,444.0,稀少
4943,康控-KY,446.40000000000003,稀少
2248,華勝-KY,449.09999999999997,稀少
6242,立康,466.79999999999995,稀少
7753,星亞,468.6,稀少
8929,富堡,469.0,稀少
911868,同方友友-DR,471.15000000000003,稀少
6542,隆中,475.5,稀少
3426,台興,484.20000000000005,稀少
1468,昶和,498.15000000000003,稀少
3629,地心引力,504.0,稀少
6506,雙邦,508.8,稀少
1443,立益物流,510.15000000000003,稀少
4304,勝昱,512.0,稀少
1203,味王,513.5,稀少
6997,博弘,528.0,稀少
2740,天蔥,529.1999999999999,稀少
4430,耀億,534.0,稀少
6661,威健生技,534.8000000000001,稀少
5520,力泰,535.2,稀少
4183,福永生技,539.5500000000001,稀少
6730,常廣,541.5,稀少
8409,商之器,546.0,稀少
3095,及成,547.1999999999999,稀少
5455,昇益,549.1,稀少
1233,天仁,549.95,稀少
6767,台微醫,554.0,稀少
4529,淳紳,559.45,稀少
8477,創業家,561.65,稀少
3232,昱捷,566.4000000000001,稀少
1454,台富,572.0,稀少
9944,新麗,572.9000000000001,稀少
6615,慧智,590.0,稀少
6616,特昇-KY,594.5,稀少
2726,雅茗-KY,594.5500000000001,稀少
2719,燦星旅,597.0,稀少
1441,大東,603.2,稀少
4924,欣厚-KY,609.5,稀少
2024,志聯,613.6999999999999,稀少
6958,日盛台駿,625.25,稀少
6844,諾貝兒,630.0,稀少
1626,艾美特-KY,632.6999999999999,稀少
2434,統懋,633.15,稀少
1465,偉全,637.5,稀少
4535,至興,638.0,稀少
5604,中連,638.3499999999999,稀少
9926,新海,640.9,稀少
6171,大城地產,648.6,稀少
4950,金耘國際,673.75,稀少
7782,光速火箭,679.2,稀少
6474,華豫寧,691.6,稀少
1906,寶隆,701.8,稀少
8354,冠好,706.5,稀少
3252,海灣,707.8499999999999,稀少
3672,康聯訊,719.8,稀少
4148,全宇生技-KY,734.35,稀少
3516,亞帝歐,734.45,稀少
2751,王座,741.5999999999999,稀少
1781,合世,747.1,稀少
6512,啟發電,748.8000000000001,稀少
6645,金萬林-創,756.0,稀少
4972,湯石照明,762.3,稀少
4153,鈺緯,763.4000000000001,稀少
1324,地球,772.8,稀少
910322,康師傅-DR,783.75,稀少
6210,慶生,792.3000000000001,稀少
1413,宏洲,796.0,稀少
6887,寶綠特-KY,799.5,稀少
5013,強新,799.5,稀少
1472,三洋實業,802.8000000000001,稀少
1599,宏佳騰,803.3,稀少
2380,虹光,807.38,稀少
6662,樂斯科,816.75,稀少
1475,業旺,819.9999999999999,稀少
2947,振宇五金,826.0,稀少
1453,大將,841.8,稀少
1538,正峰,843.2,稀少
6264,富裔,845.7900000000001,稀少
6527,明達醫,853.5999999999999,稀少
8093,保銳,857.75,稀少
5701,劍湖山,861.84,稀少
2722,夏都,861.9000000000001,稀少
2926,誠品生活,864.5999999999999,稀少
4175,杏一,877.5,稀少
8424,惠普,880.8000000000001,稀少
6872,浩宇生醫,881.5,稀少
7743,金利食安,882.2,稀少
2754,亞洲藏壽司,891.0,稀少
4804,大略-KY,893.52,稀少
2221,大甲,894.6500000000001,稀少
4402,郡都開發,897.0,稀少
2904,匯僑,903.6500000000001,稀少
2432,倚天酷碁-創,917.6,稀少
